task_id,task_family,dataset_index,dataset_label,utility_kind,train_file,gamma_fixed,alpha_fixed,seed_id,variant_index,variant_label,model_name,likelihood,prior,prefix_schedule,prefix_k_traj_list
1,main_1d_official_matched,1,smooth-gamma0.97-alpha10-reps5-seed0,smooth,data/main_1d/steps_UserModel4Boltzmann_gamma0.97_alpha10_reps5_uniform_train.jsonl,0.97,10,0,1,pbo-start_end_logistic-gp_rbf,pbo_baseline_start_end_preference,start_end_logistic,gp_rbf,explicit,8;16;32;64;128;256;500
2,main_1d_official_matched,1,smooth-gamma0.97-alpha10-reps5-seed0,smooth,data/main_1d/steps_UserModel4Boltzmann_gamma0.97_alpha10_reps5_uniform_train.jsonl,0.97,10,0,2,pbo-start_end_logistic-iid,pbo_baseline_start_end_preference,start_end_logistic,iid,explicit,8;16;32;64;128;256;500
3,main_1d_official_matched,1,smooth-gamma0.97-alpha10-reps5-seed0,smooth,data/main_1d/steps_UserModel4Boltzmann_gamma0.97_alpha10_reps5_uniform_train.jsonl,0.97,10,0,3,pbo-transition_logistic-gp_rbf,pbo_baseline_transition_preference,transition_logistic,gp_rbf,explicit,8;16;32;64;128;256;500
4,main_1d_official_matched,1,smooth-gamma0.97-alpha10-reps5-seed0,smooth,data/main_1d/steps_UserModel4Boltzmann_gamma0.97_alpha10_reps5_uniform_train.jsonl,0.97,10,0,4,pbo-transition_logistic-iid,pbo_baseline_transition_preference,transition_logistic,iid,explicit,8;16;32;64;128;256;500
5,main_1d_official_matched,1,smooth-gamma0.97-alpha10-reps5-seed0,smooth,data/main_1d/steps_UserModel4Boltzmann_gamma0.97_alpha10_reps5_uniform_train.jsonl,0.97,10,0,5,m4-boltz-gp_rbf,model4_endpoint_discounted_boltzmann,boltzmann_qstar,gp_rbf,explicit,8;16;32;64;128;256;500
6,main_1d_official_matched,1,smooth-gamma0.97-alpha10-reps5-seed0,smooth,data/main_1d/steps_UserModel4Boltzmann_gamma0.97_alpha10_reps5_uniform_train.jsonl,0.97,10,0,6,m4-boltz-iid,model4_endpoint_discounted_boltzmann,boltzmann_qstar,iid,explicit,8;16;32;64;128;256;500
7,main_1d_official_matched,1,smooth-gamma0.97-alpha10-reps5-seed0,smooth,data/main_1d/steps_UserModel4Boltzmann_gamma0.97_alpha10_reps5_uniform_train.jsonl,0.97,10,0,7,birl-boltz-gp_rbf,birl_baseline_discounted_boltzmann,boltzmann_qstar,gp_rbf,explicit,8;16;32;64;128;256;500
8,main_1d_official_matched,1,smooth-gamma0.97-alpha10-reps5-seed0,smooth,data/main_1d/steps_UserModel4Boltzmann_gamma0.97_alpha10_reps5_uniform_train.jsonl,0.97,10,0,8,birl-boltz-iid,birl_baseline_discounted_boltzmann,boltzmann_qstar,iid,explicit,8;16;32;64;128;256;500
9,main_1d_official_matched,2,jagged-gamma0.97-alpha10-reps5-seed0,jagged,data/main_1d/steps_Jagged_UserModel4Boltzmann_gamma0.97_alpha10_reps5_uniform_train.jsonl,0.97,10,0,1,pbo-start_end_logistic-gp_rbf,pbo_baseline_start_end_preference,start_end_logistic,gp_rbf,explicit,8;16;32;64;128;256;500
10,main_1d_official_matched,2,jagged-gamma0.97-alpha10-reps5-seed0,jagged,data/main_1d/steps_Jagged_UserModel4Boltzmann_gamma0.97_alpha10_reps5_uniform_train.jsonl,0.97,10,0,2,pbo-start_end_logistic-iid,pbo_baseline_start_end_preference,start_end_logistic,iid,explicit,8;16;32;64;128;256;500
11,main_1d_official_matched,2,jagged-gamma0.97-alpha10-reps5-seed0,jagged,data/main_1d/steps_Jagged_UserModel4Boltzmann_gamma0.97_alpha10_reps5_uniform_train.jsonl,0.97,10,0,3,pbo-transition_logistic-gp_rbf,pbo_baseline_transition_preference,transition_logistic,gp_rbf,explicit,8;16;32;64;128;256;500
12,main_1d_official_matched,2,jagged-gamma0.97-alpha10-reps5-seed0,jagged,data/main_1d/steps_Jagged_UserModel4Boltzmann_gamma0.97_alpha10_reps5_uniform_train.jsonl,0.97,10,0,4,pbo-transition_logistic-iid,pbo_baseline_transition_preference,transition_logistic,iid,explicit,8;16;32;64;128;256;500
13,main_1d_official_matched,2,jagged-gamma0.97-alpha10-reps5-seed0,jagged,data/main_1d/steps_Jagged_UserModel4Boltzmann_gamma0.97_alpha10_reps5_uniform_train.jsonl,0.97,10,0,5,m4-boltz-gp_rbf,model4_endpoint_discounted_boltzmann,boltzmann_qstar,gp_rbf,explicit,8;16;32;64;128;256;500
14,main_1d_official_matched,2,jagged-gamma0.97-alpha10-reps5-seed0,jagged,data/main_1d/steps_Jagged_UserModel4Boltzmann_gamma0.97_alpha10_reps5_uniform_train.jsonl,0.97,10,0,6,m4-boltz-iid,model4_endpoint_discounted_boltzmann,boltzmann_qstar,iid,explicit,8;16;32;64;128;256;500
15,main_1d_official_matched,2,jagged-gamma0.97-alpha10-reps5-seed0,jagged,data/main_1d/steps_Jagged_UserModel4Boltzmann_gamma0.97_alpha10_reps5_uniform_train.jsonl,0.97,10,0,7,birl-boltz-gp_rbf,birl_baseline_discounted_boltzmann,boltzmann_qstar,gp_rbf,explicit,8;16;32;64;128;256;500
16,main_1d_official_matched,2,jagged-gamma0.97-alpha10-reps5-seed0,jagged,data/main_1d/steps_Jagged_UserModel4Boltzmann_gamma0.97_alpha10_reps5_uniform_train.jsonl,0.97,10,0,8,birl-boltz-iid,birl_baseline_discounted_boltzmann,boltzmann_qstar,iid,explicit,8;16;32;64;128;256;500
17,main_1d_official_matched,1,smooth-gamma0.97-alpha10-reps5-seed0,smooth,data/main_1d/steps_UserModel4Boltzmann_gamma0.97_alpha10_reps5_uniform_train.jsonl,0.97,10,1,1,pbo-start_end_logistic-gp_rbf,pbo_baseline_start_end_preference,start_end_logistic,gp_rbf,explicit,8;16;32;64;128;256;500
18,main_1d_official_matched,1,smooth-gamma0.97-alpha10-reps5-seed0,smooth,data/main_1d/steps_UserModel4Boltzmann_gamma0.97_alpha10_reps5_uniform_train.jsonl,0.97,10,1,2,pbo-start_end_logistic-iid,pbo_baseline_start_end_preference,start_end_logistic,iid,explicit,8;16;32;64;128;256;500
19,main_1d_official_matched,1,smooth-gamma0.97-alpha10-reps5-seed0,smooth,data/main_1d/steps_UserModel4Boltzmann_gamma0.97_alpha10_reps5_uniform_train.jsonl,0.97,10,1,3,pbo-transition_logistic-gp_rbf,pbo_baseline_transition_preference,transition_logistic,gp_rbf,explicit,8;16;32;64;128;256;500
20,main_1d_official_matched,1,smooth-gamma0.97-alpha10-reps5-seed0,smooth,data/main_1d/steps_UserModel4Boltzmann_gamma0.97_alpha10_reps5_uniform_train.jsonl,0.97,10,1,4,pbo-transition_logistic-iid,pbo_baseline_transition_preference,transition_logistic,iid,explicit,8;16;32;64;128;256;500
21,main_1d_official_matched,1,smooth-gamma0.97-alpha10-reps5-seed0,smooth,data/main_1d/steps_UserModel4Boltzmann_gamma0.97_alpha10_reps5_uniform_train.jsonl,0.97,10,1,5,m4-boltz-gp_rbf,model4_endpoint_discounted_boltzmann,boltzmann_qstar,gp_rbf,explicit,8;16;32;64;128;256;500
22,main_1d_official_matched,1,smooth-gamma0.97-alpha10-reps5-seed0,smooth,data/main_1d/steps_UserModel4Boltzmann_gamma0.97_alpha10_reps5_uniform_train.jsonl,0.97,10,1,6,m4-boltz-iid,model4_endpoint_discounted_boltzmann,boltzmann_qstar,iid,explicit,8;16;32;64;128;256;500
23,main_1d_official_matched,1,smooth-gamma0.97-alpha10-reps5-seed0,smooth,data/main_1d/steps_UserModel4Boltzmann_gamma0.97_alpha10_reps5_uniform_train.jsonl,0.97,10,1,7,birl-boltz-gp_rbf,birl_baseline_discounted_boltzmann,boltzmann_qstar,gp_rbf,explicit,8;16;32;64;128;256;500
24,main_1d_official_matched,1,smooth-gamma0.97-alpha10-reps5-seed0,smooth,data/main_1d/steps_UserModel4Boltzmann_gamma0.97_alpha10_reps5_uniform_train.jsonl,0.97,10,1,8,birl-boltz-iid,birl_baseline_discounted_boltzmann,boltzmann_qstar,iid,explicit,8;16;32;64;128;256;500
25,main_1d_official_matched,2,jagged-gamma0.97-alpha10-reps5-seed0,jagged,data/main_1d/steps_Jagged_UserModel4Boltzmann_gamma0.97_alpha10_reps5_uniform_train.jsonl,0.97,10,1,1,pbo-start_end_logistic-gp_rbf,pbo_baseline_start_end_preference,start_end_logistic,gp_rbf,explicit,8;16;32;64;128;256;500
26,main_1d_official_matched,2,jagged-gamma0.97-alpha10-reps5-seed0,jagged,data/main_1d/steps_Jagged_UserModel4Boltzmann_gamma0.97_alpha10_reps5_uniform_train.jsonl,0.97,10,1,2,pbo-start_end_logistic-iid,pbo_baseline_start_end_preference,start_end_logistic,iid,explicit,8;16;32;64;128;256;500
27,main_1d_official_matched,2,jagged-gamma0.97-alpha10-reps5-seed0,jagged,data/main_1d/steps_Jagged_UserModel4Boltzmann_gamma0.97_alpha10_reps5_uniform_train.jsonl,0.97,10,1,3,pbo-transition_logistic-gp_rbf,pbo_baseline_transition_preference,transition_logistic,gp_rbf,explicit,8;16;32;64;128;256;500
28,main_1d_official_matched,2,jagged-gamma0.97-alpha10-reps5-seed0,jagged,data/main_1d/steps_Jagged_UserModel4Boltzmann_gamma0.97_alpha10_reps5_uniform_train.jsonl,0.97,10,1,4,pbo-transition_logistic-iid,pbo_baseline_transition_preference,transition_logistic,iid,explicit,8;16;32;64;128;256;500
29,main_1d_official_matched,2,jagged-gamma0.97-alpha10-reps5-seed0,jagged,data/main_1d/steps_Jagged_UserModel4Boltzmann_gamma0.97_alpha10_reps5_uniform_train.jsonl,0.97,10,1,5,m4-boltz-gp_rbf,model4_endpoint_discounted_boltzmann,boltzmann_qstar,gp_rbf,explicit,8;16;32;64;128;256;500
30,main_1d_official_matched,2,jagged-gamma0.97-alpha10-reps5-seed0,jagged,data/main_1d/steps_Jagged_UserModel4Boltzmann_gamma0.97_alpha10_reps5_uniform_train.jsonl,0.97,10,1,6,m4-boltz-iid,model4_endpoint_discounted_boltzmann,boltzmann_qstar,iid,explicit,8;16;32;64;128;256;500
31,main_1d_official_matched,2,jagged-gamma0.97-alpha10-reps5-seed0,jagged,data/main_1d/steps_Jagged_UserModel4Boltzmann_gamma0.97_alpha10_reps5_uniform_train.jsonl,0.97,10,1,7,birl-boltz-gp_rbf,birl_baseline_discounted_boltzmann,boltzmann_qstar,gp_rbf,explicit,8;16;32;64;128;256;500
32,main_1d_official_matched,2,jagged-gamma0.97-alpha10-reps5-seed0,jagged,data/main_1d/steps_Jagged_UserModel4Boltzmann_gamma0.97_alpha10_reps5_uniform_train.jsonl,0.97,10,1,8,birl-boltz-iid,birl_baseline_discounted_boltzmann,boltzmann_qstar,iid,explicit,8;16;32;64;128;256;500
33,main_1d_official_matched,1,smooth-gamma0.97-alpha10-reps5-seed0,smooth,data/main_1d/steps_UserModel4Boltzmann_gamma0.97_alpha10_reps5_uniform_train.jsonl,0.97,10,2,1,pbo-start_end_logistic-gp_rbf,pbo_baseline_start_end_preference,start_end_logistic,gp_rbf,explicit,8;16;32;64;128;256;500
34,main_1d_official_matched,1,smooth-gamma0.97-alpha10-reps5-seed0,smooth,data/main_1d/steps_UserModel4Boltzmann_gamma0.97_alpha10_reps5_uniform_train.jsonl,0.97,10,2,2,pbo-start_end_logistic-iid,pbo_baseline_start_end_preference,start_end_logistic,iid,explicit,8;16;32;64;128;256;500
35,main_1d_official_matched,1,smooth-gamma0.97-alpha10-reps5-seed0,smooth,data/main_1d/steps_UserModel4Boltzmann_gamma0.97_alpha10_reps5_uniform_train.jsonl,0.97,10,2,3,pbo-transition_logistic-gp_rbf,pbo_baseline_transition_preference,transition_logistic,gp_rbf,explicit,8;16;32;64;128;256;500
36,main_1d_official_matched,1,smooth-gamma0.97-alpha10-reps5-seed0,smooth,data/main_1d/steps_UserModel4Boltzmann_gamma0.97_alpha10_reps5_uniform_train.jsonl,0.97,10,2,4,pbo-transition_logistic-iid,pbo_baseline_transition_preference,transition_logistic,iid,explicit,8;16;32;64;128;256;500
37,main_1d_official_matched,1,smooth-gamma0.97-alpha10-reps5-seed0,smooth,data/main_1d/steps_UserModel4Boltzmann_gamma0.97_alpha10_reps5_uniform_train.jsonl,0.97,10,2,5,m4-boltz-gp_rbf,model4_endpoint_discounted_boltzmann,boltzmann_qstar,gp_rbf,explicit,8;16;32;64;128;256;500
38,main_1d_official_matched,1,smooth-gamma0.97-alpha10-reps5-seed0,smooth,data/main_1d/steps_UserModel4Boltzmann_gamma0.97_alpha10_reps5_uniform_train.jsonl,0.97,10,2,6,m4-boltz-iid,model4_endpoint_discounted_boltzmann,boltzmann_qstar,iid,explicit,8;16;32;64;128;256;500
39,main_1d_official_matched,1,smooth-gamma0.97-alpha10-reps5-seed0,smooth,data/main_1d/steps_UserModel4Boltzmann_gamma0.97_alpha10_reps5_uniform_train.jsonl,0.97,10,2,7,birl-boltz-gp_rbf,birl_baseline_discounted_boltzmann,boltzmann_qstar,gp_rbf,explicit,8;16;32;64;128;256;500
40,main_1d_official_matched,1,smooth-gamma0.97-alpha10-reps5-seed0,smooth,data/main_1d/steps_UserModel4Boltzmann_gamma0.97_alpha10_reps5_uniform_train.jsonl,0.97,10,2,8,birl-boltz-iid,birl_baseline_discounted_boltzmann,boltzmann_qstar,iid,explicit,8;16;32;64;128;256;500
41,main_1d_official_matched,2,jagged-gamma0.97-alpha10-reps5-seed0,jagged,data/main_1d/steps_Jagged_UserModel4Boltzmann_gamma0.97_alpha10_reps5_uniform_train.jsonl,0.97,10,2,1,pbo-start_end_logistic-gp_rbf,pbo_baseline_start_end_preference,start_end_logistic,gp_rbf,explicit,8;16;32;64;128;256;500
42,main_1d_official_matched,2,jagged-gamma0.97-alpha10-reps5-seed0,jagged,data/main_1d/steps_Jagged_UserModel4Boltzmann_gamma0.97_alpha10_reps5_uniform_train.jsonl,0.97,10,2,2,pbo-start_end_logistic-iid,pbo_baseline_start_end_preference,start_end_logistic,iid,explicit,8;16;32;64;128;256;500
43,main_1d_official_matched,2,jagged-gamma0.97-alpha10-reps5-seed0,jagged,data/main_1d/steps_Jagged_UserModel4Boltzmann_gamma0.97_alpha10_reps5_uniform_train.jsonl,0.97,10,2,3,pbo-transition_logistic-gp_rbf,pbo_baseline_transition_preference,transition_logistic,gp_rbf,explicit,8;16;32;64;128;256;500
44,main_1d_official_matched,2,jagged-gamma0.97-alpha10-reps5-seed0,jagged,data/main_1d/steps_Jagged_UserModel4Boltzmann_gamma0.97_alpha10_reps5_uniform_train.jsonl,0.97,10,2,4,pbo-transition_logistic-iid,pbo_baseline_transition_preference,transition_logistic,iid,explicit,8;16;32;64;128;256;500
45,main_1d_official_matched,2,jagged-gamma0.97-alpha10-reps5-seed0,jagged,data/main_1d/steps_Jagged_UserModel4Boltzmann_gamma0.97_alpha10_reps5_uniform_train.jsonl,0.97,10,2,5,m4-boltz-gp_rbf,model4_endpoint_discounted_boltzmann,boltzmann_qstar,gp_rbf,explicit,8;16;32;64;128;256;500
46,main_1d_official_matched,2,jagged-gamma0.97-alpha10-reps5-seed0,jagged,data/main_1d/steps_Jagged_UserModel4Boltzmann_gamma0.97_alpha10_reps5_uniform_train.jsonl,0.97,10,2,6,m4-boltz-iid,model4_endpoint_discounted_boltzmann,boltzmann_qstar,iid,explicit,8;16;32;64;128;256;500
47,main_1d_official_matched,2,jagged-gamma0.97-alpha10-reps5-seed0,jagged,data/main_1d/steps_Jagged_UserModel4Boltzmann_gamma0.97_alpha10_reps5_uniform_train.jsonl,0.97,10,2,7,birl-boltz-gp_rbf,birl_baseline_discounted_boltzmann,boltzmann_qstar,gp_rbf,explicit,8;16;32;64;128;256;500
48,main_1d_official_matched,2,jagged-gamma0.97-alpha10-reps5-seed0,jagged,data/main_1d/steps_Jagged_UserModel4Boltzmann_gamma0.97_alpha10_reps5_uniform_train.jsonl,0.97,10,2,8,birl-boltz-iid,birl_baseline_discounted_boltzmann,boltzmann_qstar,iid,explicit,8;16;32;64;128;256;500
49,main_1d_official_matched,1,smooth-gamma0.97-alpha10-reps5-seed0,smooth,data/main_1d/steps_UserModel4Boltzmann_gamma0.97_alpha10_reps5_uniform_train.jsonl,0.97,10,3,1,pbo-start_end_logistic-gp_rbf,pbo_baseline_start_end_preference,start_end_logistic,gp_rbf,explicit,8;16;32;64;128;256;500
50,main_1d_official_matched,1,smooth-gamma0.97-alpha10-reps5-seed0,smooth,data/main_1d/steps_UserModel4Boltzmann_gamma0.97_alpha10_reps5_uniform_train.jsonl,0.97,10,3,2,pbo-start_end_logistic-iid,pbo_baseline_start_end_preference,start_end_logistic,iid,explicit,8;16;32;64;128;256;500
51,main_1d_official_matched,1,smooth-gamma0.97-alpha10-reps5-seed0,smooth,data/main_1d/steps_UserModel4Boltzmann_gamma0.97_alpha10_reps5_uniform_train.jsonl,0.97,10,3,3,pbo-transition_logistic-gp_rbf,pbo_baseline_transition_preference,transition_logistic,gp_rbf,explicit,8;16;32;64;128;256;500
52,main_1d_official_matched,1,smooth-gamma0.97-alpha10-reps5-seed0,smooth,data/main_1d/steps_UserModel4Boltzmann_gamma0.97_alpha10_reps5_uniform_train.jsonl,0.97,10,3,4,pbo-transition_logistic-iid,pbo_baseline_transition_preference,transition_logistic,iid,explicit,8;16;32;64;128;256;500
53,main_1d_official_matched,1,smooth-gamma0.97-alpha10-reps5-seed0,smooth,data/main_1d/steps_UserModel4Boltzmann_gamma0.97_alpha10_reps5_uniform_train.jsonl,0.97,10,3,5,m4-boltz-gp_rbf,model4_endpoint_discounted_boltzmann,boltzmann_qstar,gp_rbf,explicit,8;16;32;64;128;256;500
54,main_1d_official_matched,1,smooth-gamma0.97-alpha10-reps5-seed0,smooth,data/main_1d/steps_UserModel4Boltzmann_gamma0.97_alpha10_reps5_uniform_train.jsonl,0.97,10,3,6,m4-boltz-iid,model4_endpoint_discounted_boltzmann,boltzmann_qstar,iid,explicit,8;16;32;64;128;256;500
55,main_1d_official_matched,1,smooth-gamma0.97-alpha10-reps5-seed0,smooth,data/main_1d/steps_UserModel4Boltzmann_gamma0.97_alpha10_reps5_uniform_train.jsonl,0.97,10,3,7,birl-boltz-gp_rbf,birl_baseline_discounted_boltzmann,boltzmann_qstar,gp_rbf,explicit,8;16;32;64;128;256;500
56,main_1d_official_matched,1,smooth-gamma0.97-alpha10-reps5-seed0,smooth,data/main_1d/steps_UserModel4Boltzmann_gamma0.97_alpha10_reps5_uniform_train.jsonl,0.97,10,3,8,birl-boltz-iid,birl_baseline_discounted_boltzmann,boltzmann_qstar,iid,explicit,8;16;32;64;128;256;500
57,main_1d_official_matched,2,jagged-gamma0.97-alpha10-reps5-seed0,jagged,data/main_1d/steps_Jagged_UserModel4Boltzmann_gamma0.97_alpha10_reps5_uniform_train.jsonl,0.97,10,3,1,pbo-start_end_logistic-gp_rbf,pbo_baseline_start_end_preference,start_end_logistic,gp_rbf,explicit,8;16;32;64;128;256;500
58,main_1d_official_matched,2,jagged-gamma0.97-alpha10-reps5-seed0,jagged,data/main_1d/steps_Jagged_UserModel4Boltzmann_gamma0.97_alpha10_reps5_uniform_train.jsonl,0.97,10,3,2,pbo-start_end_logistic-iid,pbo_baseline_start_end_preference,start_end_logistic,iid,explicit,8;16;32;64;128;256;500
59,main_1d_official_matched,2,jagged-gamma0.97-alpha10-reps5-seed0,jagged,data/main_1d/steps_Jagged_UserModel4Boltzmann_gamma0.97_alpha10_reps5_uniform_train.jsonl,0.97,10,3,3,pbo-transition_logistic-gp_rbf,pbo_baseline_transition_preference,transition_logistic,gp_rbf,explicit,8;16;32;64;128;256;500
60,main_1d_official_matched,2,jagged-gamma0.97-alpha10-reps5-seed0,jagged,data/main_1d/steps_Jagged_UserModel4Boltzmann_gamma0.97_alpha10_reps5_uniform_train.jsonl,0.97,10,3,4,pbo-transition_logistic-iid,pbo_baseline_transition_preference,transition_logistic,iid,explicit,8;16;32;64;128;256;500
61,main_1d_official_matched,2,jagged-gamma0.97-alpha10-reps5-seed0,jagged,data/main_1d/steps_Jagged_UserModel4Boltzmann_gamma0.97_alpha10_reps5_uniform_train.jsonl,0.97,10,3,5,m4-boltz-gp_rbf,model4_endpoint_discounted_boltzmann,boltzmann_qstar,gp_rbf,explicit,8;16;32;64;128;256;500
62,main_1d_official_matched,2,jagged-gamma0.97-alpha10-reps5-seed0,jagged,data/main_1d/steps_Jagged_UserModel4Boltzmann_gamma0.97_alpha10_reps5_uniform_train.jsonl,0.97,10,3,6,m4-boltz-iid,model4_endpoint_discounted_boltzmann,boltzmann_qstar,iid,explicit,8;16;32;64;128;256;500
63,main_1d_official_matched,2,jagged-gamma0.97-alpha10-reps5-seed0,jagged,data/main_1d/steps_Jagged_UserModel4Boltzmann_gamma0.97_alpha10_reps5_uniform_train.jsonl,0.97,10,3,7,birl-boltz-gp_rbf,birl_baseline_discounted_boltzmann,boltzmann_qstar,gp_rbf,explicit,8;16;32;64;128;256;500
64,main_1d_official_matched,2,jagged-gamma0.97-alpha10-reps5-seed0,jagged,data/main_1d/steps_Jagged_UserModel4Boltzmann_gamma0.97_alpha10_reps5_uniform_train.jsonl,0.97,10,3,8,birl-boltz-iid,birl_baseline_discounted_boltzmann,boltzmann_qstar,iid,explicit,8;16;32;64;128;256;500
65,main_1d_official_matched,1,smooth-gamma0.97-alpha10-reps5-seed0,smooth,data/main_1d/steps_UserModel4Boltzmann_gamma0.97_alpha10_reps5_uniform_train.jsonl,0.97,10,4,1,pbo-start_end_logistic-gp_rbf,pbo_baseline_start_end_preference,start_end_logistic,gp_rbf,explicit,8;16;32;64;128;256;500
66,main_1d_official_matched,1,smooth-gamma0.97-alpha10-reps5-seed0,smooth,data/main_1d/steps_UserModel4Boltzmann_gamma0.97_alpha10_reps5_uniform_train.jsonl,0.97,10,4,2,pbo-start_end_logistic-iid,pbo_baseline_start_end_preference,start_end_logistic,iid,explicit,8;16;32;64;128;256;500
67,main_1d_official_matched,1,smooth-gamma0.97-alpha10-reps5-seed0,smooth,data/main_1d/steps_UserModel4Boltzmann_gamma0.97_alpha10_reps5_uniform_train.jsonl,0.97,10,4,3,pbo-transition_logistic-gp_rbf,pbo_baseline_transition_preference,transition_logistic,gp_rbf,explicit,8;16;32;64;128;256;500
68,main_1d_official_matched,1,smooth-gamma0.97-alpha10-reps5-seed0,smooth,data/main_1d/steps_UserModel4Boltzmann_gamma0.97_alpha10_reps5_uniform_train.jsonl,0.97,10,4,4,pbo-transition_logistic-iid,pbo_baseline_transition_preference,transition_logistic,iid,explicit,8;16;32;64;128;256;500
69,main_1d_official_matched,1,smooth-gamma0.97-alpha10-reps5-seed0,smooth,data/main_1d/steps_UserModel4Boltzmann_gamma0.97_alpha10_reps5_uniform_train.jsonl,0.97,10,4,5,m4-boltz-gp_rbf,model4_endpoint_discounted_boltzmann,boltzmann_qstar,gp_rbf,explicit,8;16;32;64;128;256;500
70,main_1d_official_matched,1,smooth-gamma0.97-alpha10-reps5-seed0,smooth,data/main_1d/steps_UserModel4Boltzmann_gamma0.97_alpha10_reps5_uniform_train.jsonl,0.97,10,4,6,m4-boltz-iid,model4_endpoint_discounted_boltzmann,boltzmann_qstar,iid,explicit,8;16;32;64;128;256;500
71,main_1d_official_matched,1,smooth-gamma0.97-alpha10-reps5-seed0,smooth,data/main_1d/steps_UserModel4Boltzmann_gamma0.97_alpha10_reps5_uniform_train.jsonl,0.97,10,4,7,birl-boltz-gp_rbf,birl_baseline_discounted_boltzmann,boltzmann_qstar,gp_rbf,explicit,8;16;32;64;128;256;500
72,main_1d_official_matched,1,smooth-gamma0.97-alpha10-reps5-seed0,smooth,data/main_1d/steps_UserModel4Boltzmann_gamma0.97_alpha10_reps5_uniform_train.jsonl,0.97,10,4,8,birl-boltz-iid,birl_baseline_discounted_boltzmann,boltzmann_qstar,iid,explicit,8;16;32;64;128;256;500
73,main_1d_official_matched,2,jagged-gamma0.97-alpha10-reps5-seed0,jagged,data/main_1d/steps_Jagged_UserModel4Boltzmann_gamma0.97_alpha10_reps5_uniform_train.jsonl,0.97,10,4,1,pbo-start_end_logistic-gp_rbf,pbo_baseline_start_end_preference,start_end_logistic,gp_rbf,explicit,8;16;32;64;128;256;500
74,main_1d_official_matched,2,jagged-gamma0.97-alpha10-reps5-seed0,jagged,data/main_1d/steps_Jagged_UserModel4Boltzmann_gamma0.97_alpha10_reps5_uniform_train.jsonl,0.97,10,4,2,pbo-start_end_logistic-iid,pbo_baseline_start_end_preference,start_end_logistic,iid,explicit,8;16;32;64;128;256;500
75,main_1d_official_matched,2,jagged-gamma0.97-alpha10-reps5-seed0,jagged,data/main_1d/steps_Jagged_UserModel4Boltzmann_gamma0.97_alpha10_reps5_uniform_train.jsonl,0.97,10,4,3,pbo-transition_logistic-gp_rbf,pbo_baseline_transition_preference,transition_logistic,gp_rbf,explicit,8;16;32;64;128;256;500
76,main_1d_official_matched,2,jagged-gamma0.97-alpha10-reps5-seed0,jagged,data/main_1d/steps_Jagged_UserModel4Boltzmann_gamma0.97_alpha10_reps5_uniform_train.jsonl,0.97,10,4,4,pbo-transition_logistic-iid,pbo_baseline_transition_preference,transition_logistic,iid,explicit,8;16;32;64;128;256;500
77,main_1d_official_matched,2,jagged-gamma0.97-alpha10-reps5-seed0,jagged,data/main_1d/steps_Jagged_UserModel4Boltzmann_gamma0.97_alpha10_reps5_uniform_train.jsonl,0.97,10,4,5,m4-boltz-gp_rbf,model4_endpoint_discounted_boltzmann,boltzmann_qstar,gp_rbf,explicit,8;16;32;64;128;256;500
78,main_1d_official_matched,2,jagged-gamma0.97-alpha10-reps5-seed0,jagged,data/main_1d/steps_Jagged_UserModel4Boltzmann_gamma0.97_alpha10_reps5_uniform_train.jsonl,0.97,10,4,6,m4-boltz-iid,model4_endpoint_discounted_boltzmann,boltzmann_qstar,iid,explicit,8;16;32;64;128;256;500
79,main_1d_official_matched,2,jagged-gamma0.97-alpha10-reps5-seed0,jagged,data/main_1d/steps_Jagged_UserModel4Boltzmann_gamma0.97_alpha10_reps5_uniform_train.jsonl,0.97,10,4,7,birl-boltz-gp_rbf,birl_baseline_discounted_boltzmann,boltzmann_qstar,gp_rbf,explicit,8;16;32;64;128;256;500
80,main_1d_official_matched,2,jagged-gamma0.97-alpha10-reps5-seed0,jagged,data/main_1d/steps_Jagged_UserModel4Boltzmann_gamma0.97_alpha10_reps5_uniform_train.jsonl,0.97,10,4,8,birl-boltz-iid,birl_baseline_discounted_boltzmann,boltzmann_qstar,iid,explicit,8;16;32;64;128;256;500
81,main_1d_official_matched,1,smooth-gamma0.97-alpha10-reps5-seed0,smooth,data/main_1d/steps_UserModel4Boltzmann_gamma0.97_alpha10_reps5_uniform_train.jsonl,0.97,10,5,1,pbo-start_end_logistic-gp_rbf,pbo_baseline_start_end_preference,start_end_logistic,gp_rbf,explicit,8;16;32;64;128;256;500
82,main_1d_official_matched,1,smooth-gamma0.97-alpha10-reps5-seed0,smooth,data/main_1d/steps_UserModel4Boltzmann_gamma0.97_alpha10_reps5_uniform_train.jsonl,0.97,10,5,2,pbo-start_end_logistic-iid,pbo_baseline_start_end_preference,start_end_logistic,iid,explicit,8;16;32;64;128;256;500
83,main_1d_official_matched,1,smooth-gamma0.97-alpha10-reps5-seed0,smooth,data/main_1d/steps_UserModel4Boltzmann_gamma0.97_alpha10_reps5_uniform_train.jsonl,0.97,10,5,3,pbo-transition_logistic-gp_rbf,pbo_baseline_transition_preference,transition_logistic,gp_rbf,explicit,8;16;32;64;128;256;500
84,main_1d_official_matched,1,smooth-gamma0.97-alpha10-reps5-seed0,smooth,data/main_1d/steps_UserModel4Boltzmann_gamma0.97_alpha10_reps5_uniform_train.jsonl,0.97,10,5,4,pbo-transition_logistic-iid,pbo_baseline_transition_preference,transition_logistic,iid,explicit,8;16;32;64;128;256;500
85,main_1d_official_matched,1,smooth-gamma0.97-alpha10-reps5-seed0,smooth,data/main_1d/steps_UserModel4Boltzmann_gamma0.97_alpha10_reps5_uniform_train.jsonl,0.97,10,5,5,m4-boltz-gp_rbf,model4_endpoint_discounted_boltzmann,boltzmann_qstar,gp_rbf,explicit,8;16;32;64;128;256;500
86,main_1d_official_matched,1,smooth-gamma0.97-alpha10-reps5-seed0,smooth,data/main_1d/steps_UserModel4Boltzmann_gamma0.97_alpha10_reps5_uniform_train.jsonl,0.97,10,5,6,m4-boltz-iid,model4_endpoint_discounted_boltzmann,boltzmann_qstar,iid,explicit,8;16;32;64;128;256;500
87,main_1d_official_matched,1,smooth-gamma0.97-alpha10-reps5-seed0,smooth,data/main_1d/steps_UserModel4Boltzmann_gamma0.97_alpha10_reps5_uniform_train.jsonl,0.97,10,5,7,birl-boltz-gp_rbf,birl_baseline_discounted_boltzmann,boltzmann_qstar,gp_rbf,explicit,8;16;32;64;128;256;500
88,main_1d_official_matched,1,smooth-gamma0.97-alpha10-reps5-seed0,smooth,data/main_1d/steps_UserModel4Boltzmann_gamma0.97_alpha10_reps5_uniform_train.jsonl,0.97,10,5,8,birl-boltz-iid,birl_baseline_discounted_boltzmann,boltzmann_qstar,iid,explicit,8;16;32;64;128;256;500
89,main_1d_official_matched,2,jagged-gamma0.97-alpha10-reps5-seed0,jagged,data/main_1d/steps_Jagged_UserModel4Boltzmann_gamma0.97_alpha10_reps5_uniform_train.jsonl,0.97,10,5,1,pbo-start_end_logistic-gp_rbf,pbo_baseline_start_end_preference,start_end_logistic,gp_rbf,explicit,8;16;32;64;128;256;500
90,main_1d_official_matched,2,jagged-gamma0.97-alpha10-reps5-seed0,jagged,data/main_1d/steps_Jagged_UserModel4Boltzmann_gamma0.97_alpha10_reps5_uniform_train.jsonl,0.97,10,5,2,pbo-start_end_logistic-iid,pbo_baseline_start_end_preference,start_end_logistic,iid,explicit,8;16;32;64;128;256;500
91,main_1d_official_matched,2,jagged-gamma0.97-alpha10-reps5-seed0,jagged,data/main_1d/steps_Jagged_UserModel4Boltzmann_gamma0.97_alpha10_reps5_uniform_train.jsonl,0.97,10,5,3,pbo-transition_logistic-gp_rbf,pbo_baseline_transition_preference,transition_logistic,gp_rbf,explicit,8;16;32;64;128;256;500
92,main_1d_official_matched,2,jagged-gamma0.97-alpha10-reps5-seed0,jagged,data/main_1d/steps_Jagged_UserModel4Boltzmann_gamma0.97_alpha10_reps5_uniform_train.jsonl,0.97,10,5,4,pbo-transition_logistic-iid,pbo_baseline_transition_preference,transition_logistic,iid,explicit,8;16;32;64;128;256;500
93,main_1d_official_matched,2,jagged-gamma0.97-alpha10-reps5-seed0,jagged,data/main_1d/steps_Jagged_UserModel4Boltzmann_gamma0.97_alpha10_reps5_uniform_train.jsonl,0.97,10,5,5,m4-boltz-gp_rbf,model4_endpoint_discounted_boltzmann,boltzmann_qstar,gp_rbf,explicit,8;16;32;64;128;256;500
94,main_1d_official_matched,2,jagged-gamma0.97-alpha10-reps5-seed0,jagged,data/main_1d/steps_Jagged_UserModel4Boltzmann_gamma0.97_alpha10_reps5_uniform_train.jsonl,0.97,10,5,6,m4-boltz-iid,model4_endpoint_discounted_boltzmann,boltzmann_qstar,iid,explicit,8;16;32;64;128;256;500
95,main_1d_official_matched,2,jagged-gamma0.97-alpha10-reps5-seed0,jagged,data/main_1d/steps_Jagged_UserModel4Boltzmann_gamma0.97_alpha10_reps5_uniform_train.jsonl,0.97,10,5,7,birl-boltz-gp_rbf,birl_baseline_discounted_boltzmann,boltzmann_qstar,gp_rbf,explicit,8;16;32;64;128;256;500
96,main_1d_official_matched,2,jagged-gamma0.97-alpha10-reps5-seed0,jagged,data/main_1d/steps_Jagged_UserModel4Boltzmann_gamma0.97_alpha10_reps5_uniform_train.jsonl,0.97,10,5,8,birl-boltz-iid,birl_baseline_discounted_boltzmann,boltzmann_qstar,iid,explicit,8;16;32;64;128;256;500
97,main_1d_official_matched,1,smooth-gamma0.97-alpha10-reps5-seed0,smooth,data/main_1d/steps_UserModel4Boltzmann_gamma0.97_alpha10_reps5_uniform_train.jsonl,0.97,10,6,1,pbo-start_end_logistic-gp_rbf,pbo_baseline_start_end_preference,start_end_logistic,gp_rbf,explicit,8;16;32;64;128;256;500
98,main_1d_official_matched,1,smooth-gamma0.97-alpha10-reps5-seed0,smooth,data/main_1d/steps_UserModel4Boltzmann_gamma0.97_alpha10_reps5_uniform_train.jsonl,0.97,10,6,2,pbo-start_end_logistic-iid,pbo_baseline_start_end_preference,start_end_logistic,iid,explicit,8;16;32;64;128;256;500
99,main_1d_official_matched,1,smooth-gamma0.97-alpha10-reps5-seed0,smooth,data/main_1d/steps_UserModel4Boltzmann_gamma0.97_alpha10_reps5_uniform_train.jsonl,0.97,10,6,3,pbo-transition_logistic-gp_rbf,pbo_baseline_transition_preference,transition_logistic,gp_rbf,explicit,8;16;32;64;128;256;500
100,main_1d_official_matched,1,smooth-gamma0.97-alpha10-reps5-seed0,smooth,data/main_1d/steps_UserModel4Boltzmann_gamma0.97_alpha10_reps5_uniform_train.jsonl,0.97,10,6,4,pbo-transition_logistic-iid,pbo_baseline_transition_preference,transition_logistic,iid,explicit,8;16;32;64;128;256;500
101,main_1d_official_matched,1,smooth-gamma0.97-alpha10-reps5-seed0,smooth,data/main_1d/steps_UserModel4Boltzmann_gamma0.97_alpha10_reps5_uniform_train.jsonl,0.97,10,6,5,m4-boltz-gp_rbf,model4_endpoint_discounted_boltzmann,boltzmann_qstar,gp_rbf,explicit,8;16;32;64;128;256;500
102,main_1d_official_matched,1,smooth-gamma0.97-alpha10-reps5-seed0,smooth,data/main_1d/steps_UserModel4Boltzmann_gamma0.97_alpha10_reps5_uniform_train.jsonl,0.97,10,6,6,m4-boltz-iid,model4_endpoint_discounted_boltzmann,boltzmann_qstar,iid,explicit,8;16;32;64;128;256;500
103,main_1d_official_matched,1,smooth-gamma0.97-alpha10-reps5-seed0,smooth,data/main_1d/steps_UserModel4Boltzmann_gamma0.97_alpha10_reps5_uniform_train.jsonl,0.97,10,6,7,birl-boltz-gp_rbf,birl_baseline_discounted_boltzmann,boltzmann_qstar,gp_rbf,explicit,8;16;32;64;128;256;500
104,main_1d_official_matched,1,smooth-gamma0.97-alpha10-reps5-seed0,smooth,data/main_1d/steps_UserModel4Boltzmann_gamma0.97_alpha10_reps5_uniform_train.jsonl,0.97,10,6,8,birl-boltz-iid,birl_baseline_discounted_boltzmann,boltzmann_qstar,iid,explicit,8;16;32;64;128;256;500
105,main_1d_official_matched,2,jagged-gamma0.97-alpha10-reps5-seed0,jagged,data/main_1d/steps_Jagged_UserModel4Boltzmann_gamma0.97_alpha10_reps5_uniform_train.jsonl,0.97,10,6,1,pbo-start_end_logistic-gp_rbf,pbo_baseline_start_end_preference,start_end_logistic,gp_rbf,explicit,8;16;32;64;128;256;500
106,main_1d_official_matched,2,jagged-gamma0.97-alpha10-reps5-seed0,jagged,data/main_1d/steps_Jagged_UserModel4Boltzmann_gamma0.97_alpha10_reps5_uniform_train.jsonl,0.97,10,6,2,pbo-start_end_logistic-iid,pbo_baseline_start_end_preference,start_end_logistic,iid,explicit,8;16;32;64;128;256;500
107,main_1d_official_matched,2,jagged-gamma0.97-alpha10-reps5-seed0,jagged,data/main_1d/steps_Jagged_UserModel4Boltzmann_gamma0.97_alpha10_reps5_uniform_train.jsonl,0.97,10,6,3,pbo-transition_logistic-gp_rbf,pbo_baseline_transition_preference,transition_logistic,gp_rbf,explicit,8;16;32;64;128;256;500
108,main_1d_official_matched,2,jagged-gamma0.97-alpha10-reps5-seed0,jagged,data/main_1d/steps_Jagged_UserModel4Boltzmann_gamma0.97_alpha10_reps5_uniform_train.jsonl,0.97,10,6,4,pbo-transition_logistic-iid,pbo_baseline_transition_preference,transition_logistic,iid,explicit,8;16;32;64;128;256;500
109,main_1d_official_matched,2,jagged-gamma0.97-alpha10-reps5-seed0,jagged,data/main_1d/steps_Jagged_UserModel4Boltzmann_gamma0.97_alpha10_reps5_uniform_train.jsonl,0.97,10,6,5,m4-boltz-gp_rbf,model4_endpoint_discounted_boltzmann,boltzmann_qstar,gp_rbf,explicit,8;16;32;64;128;256;500
110,main_1d_official_matched,2,jagged-gamma0.97-alpha10-reps5-seed0,jagged,data/main_1d/steps_Jagged_UserModel4Boltzmann_gamma0.97_alpha10_reps5_uniform_train.jsonl,0.97,10,6,6,m4-boltz-iid,model4_endpoint_discounted_boltzmann,boltzmann_qstar,iid,explicit,8;16;32;64;128;256;500
111,main_1d_official_matched,2,jagged-gamma0.97-alpha10-reps5-seed0,jagged,data/main_1d/steps_Jagged_UserModel4Boltzmann_gamma0.97_alpha10_reps5_uniform_train.jsonl,0.97,10,6,7,birl-boltz-gp_rbf,birl_baseline_discounted_boltzmann,boltzmann_qstar,gp_rbf,explicit,8;16;32;64;128;256;500
112,main_1d_official_matched,2,jagged-gamma0.97-alpha10-reps5-seed0,jagged,data/main_1d/steps_Jagged_UserModel4Boltzmann_gamma0.97_alpha10_reps5_uniform_train.jsonl,0.97,10,6,8,birl-boltz-iid,birl_baseline_discounted_boltzmann,boltzmann_qstar,iid,explicit,8;16;32;64;128;256;500
113,main_1d_official_matched,1,smooth-gamma0.97-alpha10-reps5-seed0,smooth,data/main_1d/steps_UserModel4Boltzmann_gamma0.97_alpha10_reps5_uniform_train.jsonl,0.97,10,7,1,pbo-start_end_logistic-gp_rbf,pbo_baseline_start_end_preference,start_end_logistic,gp_rbf,explicit,8;16;32;64;128;256;500
114,main_1d_official_matched,1,smooth-gamma0.97-alpha10-reps5-seed0,smooth,data/main_1d/steps_UserModel4Boltzmann_gamma0.97_alpha10_reps5_uniform_train.jsonl,0.97,10,7,2,pbo-start_end_logistic-iid,pbo_baseline_start_end_preference,start_end_logistic,iid,explicit,8;16;32;64;128;256;500
115,main_1d_official_matched,1,smooth-gamma0.97-alpha10-reps5-seed0,smooth,data/main_1d/steps_UserModel4Boltzmann_gamma0.97_alpha10_reps5_uniform_train.jsonl,0.97,10,7,3,pbo-transition_logistic-gp_rbf,pbo_baseline_transition_preference,transition_logistic,gp_rbf,explicit,8;16;32;64;128;256;500
116,main_1d_official_matched,1,smooth-gamma0.97-alpha10-reps5-seed0,smooth,data/main_1d/steps_UserModel4Boltzmann_gamma0.97_alpha10_reps5_uniform_train.jsonl,0.97,10,7,4,pbo-transition_logistic-iid,pbo_baseline_transition_preference,transition_logistic,iid,explicit,8;16;32;64;128;256;500
117,main_1d_official_matched,1,smooth-gamma0.97-alpha10-reps5-seed0,smooth,data/main_1d/steps_UserModel4Boltzmann_gamma0.97_alpha10_reps5_uniform_train.jsonl,0.97,10,7,5,m4-boltz-gp_rbf,model4_endpoint_discounted_boltzmann,boltzmann_qstar,gp_rbf,explicit,8;16;32;64;128;256;500
118,main_1d_official_matched,1,smooth-gamma0.97-alpha10-reps5-seed0,smooth,data/main_1d/steps_UserModel4Boltzmann_gamma0.97_alpha10_reps5_uniform_train.jsonl,0.97,10,7,6,m4-boltz-iid,model4_endpoint_discounted_boltzmann,boltzmann_qstar,iid,explicit,8;16;32;64;128;256;500
119,main_1d_official_matched,1,smooth-gamma0.97-alpha10-reps5-seed0,smooth,data/main_1d/steps_UserModel4Boltzmann_gamma0.97_alpha10_reps5_uniform_train.jsonl,0.97,10,7,7,birl-boltz-gp_rbf,birl_baseline_discounted_boltzmann,boltzmann_qstar,gp_rbf,explicit,8;16;32;64;128;256;500
120,main_1d_official_matched,1,smooth-gamma0.97-alpha10-reps5-seed0,smooth,data/main_1d/steps_UserModel4Boltzmann_gamma0.97_alpha10_reps5_uniform_train.jsonl,0.97,10,7,8,birl-boltz-iid,birl_baseline_discounted_boltzmann,boltzmann_qstar,iid,explicit,8;16;32;64;128;256;500
121,main_1d_official_matched,2,jagged-gamma0.97-alpha10-reps5-seed0,jagged,data/main_1d/steps_Jagged_UserModel4Boltzmann_gamma0.97_alpha10_reps5_uniform_train.jsonl,0.97,10,7,1,pbo-start_end_logistic-gp_rbf,pbo_baseline_start_end_preference,start_end_logistic,gp_rbf,explicit,8;16;32;64;128;256;500
122,main_1d_official_matched,2,jagged-gamma0.97-alpha10-reps5-seed0,jagged,data/main_1d/steps_Jagged_UserModel4Boltzmann_gamma0.97_alpha10_reps5_uniform_train.jsonl,0.97,10,7,2,pbo-start_end_logistic-iid,pbo_baseline_start_end_preference,start_end_logistic,iid,explicit,8;16;32;64;128;256;500
123,main_1d_official_matched,2,jagged-gamma0.97-alpha10-reps5-seed0,jagged,data/main_1d/steps_Jagged_UserModel4Boltzmann_gamma0.97_alpha10_reps5_uniform_train.jsonl,0.97,10,7,3,pbo-transition_logistic-gp_rbf,pbo_baseline_transition_preference,transition_logistic,gp_rbf,explicit,8;16;32;64;128;256;500
124,main_1d_official_matched,2,jagged-gamma0.97-alpha10-reps5-seed0,jagged,data/main_1d/steps_Jagged_UserModel4Boltzmann_gamma0.97_alpha10_reps5_uniform_train.jsonl,0.97,10,7,4,pbo-transition_logistic-iid,pbo_baseline_transition_preference,transition_logistic,iid,explicit,8;16;32;64;128;256;500
125,main_1d_official_matched,2,jagged-gamma0.97-alpha10-reps5-seed0,jagged,data/main_1d/steps_Jagged_UserModel4Boltzmann_gamma0.97_alpha10_reps5_uniform_train.jsonl,0.97,10,7,5,m4-boltz-gp_rbf,model4_endpoint_discounted_boltzmann,boltzmann_qstar,gp_rbf,explicit,8;16;32;64;128;256;500
126,main_1d_official_matched,2,jagged-gamma0.97-alpha10-reps5-seed0,jagged,data/main_1d/steps_Jagged_UserModel4Boltzmann_gamma0.97_alpha10_reps5_uniform_train.jsonl,0.97,10,7,6,m4-boltz-iid,model4_endpoint_discounted_boltzmann,boltzmann_qstar,iid,explicit,8;16;32;64;128;256;500
127,main_1d_official_matched,2,jagged-gamma0.97-alpha10-reps5-seed0,jagged,data/main_1d/steps_Jagged_UserModel4Boltzmann_gamma0.97_alpha10_reps5_uniform_train.jsonl,0.97,10,7,7,birl-boltz-gp_rbf,birl_baseline_discounted_boltzmann,boltzmann_qstar,gp_rbf,explicit,8;16;32;64;128;256;500
128,main_1d_official_matched,2,jagged-gamma0.97-alpha10-reps5-seed0,jagged,data/main_1d/steps_Jagged_UserModel4Boltzmann_gamma0.97_alpha10_reps5_uniform_train.jsonl,0.97,10,7,8,birl-boltz-iid,birl_baseline_discounted_boltzmann,boltzmann_qstar,iid,explicit,8;16;32;64;128;256;500
129,main_1d_official_matched,1,smooth-gamma0.97-alpha10-reps5-seed0,smooth,data/main_1d/steps_UserModel4Boltzmann_gamma0.97_alpha10_reps5_uniform_train.jsonl,0.97,10,8,1,pbo-start_end_logistic-gp_rbf,pbo_baseline_start_end_preference,start_end_logistic,gp_rbf,explicit,8;16;32;64;128;256;500
130,main_1d_official_matched,1,smooth-gamma0.97-alpha10-reps5-seed0,smooth,data/main_1d/steps_UserModel4Boltzmann_gamma0.97_alpha10_reps5_uniform_train.jsonl,0.97,10,8,2,pbo-start_end_logistic-iid,pbo_baseline_start_end_preference,start_end_logistic,iid,explicit,8;16;32;64;128;256;500
131,main_1d_official_matched,1,smooth-gamma0.97-alpha10-reps5-seed0,smooth,data/main_1d/steps_UserModel4Boltzmann_gamma0.97_alpha10_reps5_uniform_train.jsonl,0.97,10,8,3,pbo-transition_logistic-gp_rbf,pbo_baseline_transition_preference,transition_logistic,gp_rbf,explicit,8;16;32;64;128;256;500
132,main_1d_official_matched,1,smooth-gamma0.97-alpha10-reps5-seed0,smooth,data/main_1d/steps_UserModel4Boltzmann_gamma0.97_alpha10_reps5_uniform_train.jsonl,0.97,10,8,4,pbo-transition_logistic-iid,pbo_baseline_transition_preference,transition_logistic,iid,explicit,8;16;32;64;128;256;500
133,main_1d_official_matched,1,smooth-gamma0.97-alpha10-reps5-seed0,smooth,data/main_1d/steps_UserModel4Boltzmann_gamma0.97_alpha10_reps5_uniform_train.jsonl,0.97,10,8,5,m4-boltz-gp_rbf,model4_endpoint_discounted_boltzmann,boltzmann_qstar,gp_rbf,explicit,8;16;32;64;128;256;500
134,main_1d_official_matched,1,smooth-gamma0.97-alpha10-reps5-seed0,smooth,data/main_1d/steps_UserModel4Boltzmann_gamma0.97_alpha10_reps5_uniform_train.jsonl,0.97,10,8,6,m4-boltz-iid,model4_endpoint_discounted_boltzmann,boltzmann_qstar,iid,explicit,8;16;32;64;128;256;500
135,main_1d_official_matched,1,smooth-gamma0.97-alpha10-reps5-seed0,smooth,data/main_1d/steps_UserModel4Boltzmann_gamma0.97_alpha10_reps5_uniform_train.jsonl,0.97,10,8,7,birl-boltz-gp_rbf,birl_baseline_discounted_boltzmann,boltzmann_qstar,gp_rbf,explicit,8;16;32;64;128;256;500
136,main_1d_official_matched,1,smooth-gamma0.97-alpha10-reps5-seed0,smooth,data/main_1d/steps_UserModel4Boltzmann_gamma0.97_alpha10_reps5_uniform_train.jsonl,0.97,10,8,8,birl-boltz-iid,birl_baseline_discounted_boltzmann,boltzmann_qstar,iid,explicit,8;16;32;64;128;256;500
137,main_1d_official_matched,2,jagged-gamma0.97-alpha10-reps5-seed0,jagged,data/main_1d/steps_Jagged_UserModel4Boltzmann_gamma0.97_alpha10_reps5_uniform_train.jsonl,0.97,10,8,1,pbo-start_end_logistic-gp_rbf,pbo_baseline_start_end_preference,start_end_logistic,gp_rbf,explicit,8;16;32;64;128;256;500
138,main_1d_official_matched,2,jagged-gamma0.97-alpha10-reps5-seed0,jagged,data/main_1d/steps_Jagged_UserModel4Boltzmann_gamma0.97_alpha10_reps5_uniform_train.jsonl,0.97,10,8,2,pbo-start_end_logistic-iid,pbo_baseline_start_end_preference,start_end_logistic,iid,explicit,8;16;32;64;128;256;500
139,main_1d_official_matched,2,jagged-gamma0.97-alpha10-reps5-seed0,jagged,data/main_1d/steps_Jagged_UserModel4Boltzmann_gamma0.97_alpha10_reps5_uniform_train.jsonl,0.97,10,8,3,pbo-transition_logistic-gp_rbf,pbo_baseline_transition_preference,transition_logistic,gp_rbf,explicit,8;16;32;64;128;256;500
140,main_1d_official_matched,2,jagged-gamma0.97-alpha10-reps5-seed0,jagged,data/main_1d/steps_Jagged_UserModel4Boltzmann_gamma0.97_alpha10_reps5_uniform_train.jsonl,0.97,10,8,4,pbo-transition_logistic-iid,pbo_baseline_transition_preference,transition_logistic,iid,explicit,8;16;32;64;128;256;500
141,main_1d_official_matched,2,jagged-gamma0.97-alpha10-reps5-seed0,jagged,data/main_1d/steps_Jagged_UserModel4Boltzmann_gamma0.97_alpha10_reps5_uniform_train.jsonl,0.97,10,8,5,m4-boltz-gp_rbf,model4_endpoint_discounted_boltzmann,boltzmann_qstar,gp_rbf,explicit,8;16;32;64;128;256;500
142,main_1d_official_matched,2,jagged-gamma0.97-alpha10-reps5-seed0,jagged,data/main_1d/steps_Jagged_UserModel4Boltzmann_gamma0.97_alpha10_reps5_uniform_train.jsonl,0.97,10,8,6,m4-boltz-iid,model4_endpoint_discounted_boltzmann,boltzmann_qstar,iid,explicit,8;16;32;64;128;256;500
143,main_1d_official_matched,2,jagged-gamma0.97-alpha10-reps5-seed0,jagged,data/main_1d/steps_Jagged_UserModel4Boltzmann_gamma0.97_alpha10_reps5_uniform_train.jsonl,0.97,10,8,7,birl-boltz-gp_rbf,birl_baseline_discounted_boltzmann,boltzmann_qstar,gp_rbf,explicit,8;16;32;64;128;256;500
144,main_1d_official_matched,2,jagged-gamma0.97-alpha10-reps5-seed0,jagged,data/main_1d/steps_Jagged_UserModel4Boltzmann_gamma0.97_alpha10_reps5_uniform_train.jsonl,0.97,10,8,8,birl-boltz-iid,birl_baseline_discounted_boltzmann,boltzmann_qstar,iid,explicit,8;16;32;64;128;256;500
145,main_1d_official_matched,1,smooth-gamma0.97-alpha10-reps5-seed0,smooth,data/main_1d/steps_UserModel4Boltzmann_gamma0.97_alpha10_reps5_uniform_train.jsonl,0.97,10,9,1,pbo-start_end_logistic-gp_rbf,pbo_baseline_start_end_preference,start_end_logistic,gp_rbf,explicit,8;16;32;64;128;256;500
146,main_1d_official_matched,1,smooth-gamma0.97-alpha10-reps5-seed0,smooth,data/main_1d/steps_UserModel4Boltzmann_gamma0.97_alpha10_reps5_uniform_train.jsonl,0.97,10,9,2,pbo-start_end_logistic-iid,pbo_baseline_start_end_preference,start_end_logistic,iid,explicit,8;16;32;64;128;256;500
147,main_1d_official_matched,1,smooth-gamma0.97-alpha10-reps5-seed0,smooth,data/main_1d/steps_UserModel4Boltzmann_gamma0.97_alpha10_reps5_uniform_train.jsonl,0.97,10,9,3,pbo-transition_logistic-gp_rbf,pbo_baseline_transition_preference,transition_logistic,gp_rbf,explicit,8;16;32;64;128;256;500
148,main_1d_official_matched,1,smooth-gamma0.97-alpha10-reps5-seed0,smooth,data/main_1d/steps_UserModel4Boltzmann_gamma0.97_alpha10_reps5_uniform_train.jsonl,0.97,10,9,4,pbo-transition_logistic-iid,pbo_baseline_transition_preference,transition_logistic,iid,explicit,8;16;32;64;128;256;500
149,main_1d_official_matched,1,smooth-gamma0.97-alpha10-reps5-seed0,smooth,data/main_1d/steps_UserModel4Boltzmann_gamma0.97_alpha10_reps5_uniform_train.jsonl,0.97,10,9,5,m4-boltz-gp_rbf,model4_endpoint_discounted_boltzmann,boltzmann_qstar,gp_rbf,explicit,8;16;32;64;128;256;500
150,main_1d_official_matched,1,smooth-gamma0.97-alpha10-reps5-seed0,smooth,data/main_1d/steps_UserModel4Boltzmann_gamma0.97_alpha10_reps5_uniform_train.jsonl,0.97,10,9,6,m4-boltz-iid,model4_endpoint_discounted_boltzmann,boltzmann_qstar,iid,explicit,8;16;32;64;128;256;500
151,main_1d_official_matched,1,smooth-gamma0.97-alpha10-reps5-seed0,smooth,data/main_1d/steps_UserModel4Boltzmann_gamma0.97_alpha10_reps5_uniform_train.jsonl,0.97,10,9,7,birl-boltz-gp_rbf,birl_baseline_discounted_boltzmann,boltzmann_qstar,gp_rbf,explicit,8;16;32;64;128;256;500
152,main_1d_official_matched,1,smooth-gamma0.97-alpha10-reps5-seed0,smooth,data/main_1d/steps_UserModel4Boltzmann_gamma0.97_alpha10_reps5_uniform_train.jsonl,0.97,10,9,8,birl-boltz-iid,birl_baseline_discounted_boltzmann,boltzmann_qstar,iid,explicit,8;16;32;64;128;256;500
153,main_1d_official_matched,2,jagged-gamma0.97-alpha10-reps5-seed0,jagged,data/main_1d/steps_Jagged_UserModel4Boltzmann_gamma0.97_alpha10_reps5_uniform_train.jsonl,0.97,10,9,1,pbo-start_end_logistic-gp_rbf,pbo_baseline_start_end_preference,start_end_logistic,gp_rbf,explicit,8;16;32;64;128;256;500
154,main_1d_official_matched,2,jagged-gamma0.97-alpha10-reps5-seed0,jagged,data/main_1d/steps_Jagged_UserModel4Boltzmann_gamma0.97_alpha10_reps5_uniform_train.jsonl,0.97,10,9,2,pbo-start_end_logistic-iid,pbo_baseline_start_end_preference,start_end_logistic,iid,explicit,8;16;32;64;128;256;500
155,main_1d_official_matched,2,jagged-gamma0.97-alpha10-reps5-seed0,jagged,data/main_1d/steps_Jagged_UserModel4Boltzmann_gamma0.97_alpha10_reps5_uniform_train.jsonl,0.97,10,9,3,pbo-transition_logistic-gp_rbf,pbo_baseline_transition_preference,transition_logistic,gp_rbf,explicit,8;16;32;64;128;256;500
156,main_1d_official_matched,2,jagged-gamma0.97-alpha10-reps5-seed0,jagged,data/main_1d/steps_Jagged_UserModel4Boltzmann_gamma0.97_alpha10_reps5_uniform_train.jsonl,0.97,10,9,4,pbo-transition_logistic-iid,pbo_baseline_transition_preference,transition_logistic,iid,explicit,8;16;32;64;128;256;500
157,main_1d_official_matched,2,jagged-gamma0.97-alpha10-reps5-seed0,jagged,data/main_1d/steps_Jagged_UserModel4Boltzmann_gamma0.97_alpha10_reps5_uniform_train.jsonl,0.97,10,9,5,m4-boltz-gp_rbf,model4_endpoint_discounted_boltzmann,boltzmann_qstar,gp_rbf,explicit,8;16;32;64;128;256;500
158,main_1d_official_matched,2,jagged-gamma0.97-alpha10-reps5-seed0,jagged,data/main_1d/steps_Jagged_UserModel4Boltzmann_gamma0.97_alpha10_reps5_uniform_train.jsonl,0.97,10,9,6,m4-boltz-iid,model4_endpoint_discounted_boltzmann,boltzmann_qstar,iid,explicit,8;16;32;64;128;256;500
159,main_1d_official_matched,2,jagged-gamma0.97-alpha10-reps5-seed0,jagged,data/main_1d/steps_Jagged_UserModel4Boltzmann_gamma0.97_alpha10_reps5_uniform_train.jsonl,0.97,10,9,7,birl-boltz-gp_rbf,birl_baseline_discounted_boltzmann,boltzmann_qstar,gp_rbf,explicit,8;16;32;64;128;256;500
160,main_1d_official_matched,2,jagged-gamma0.97-alpha10-reps5-seed0,jagged,data/main_1d/steps_Jagged_UserModel4Boltzmann_gamma0.97_alpha10_reps5_uniform_train.jsonl,0.97,10,9,8,birl-boltz-iid,birl_baseline_discounted_boltzmann,boltzmann_qstar,iid,explicit,8;16;32;64;128;256;500
